SampleID	Group	Date	Site	Sequencing	Platform	Species	Batch	BarcodeSequence	LinkerPrimerSequence	ReversePrimer
KO1	KO	2017/6/30	Beijing	BGI	HiSeq2500	Arabidopsis	1	ACGCTCGACA	AACMGGATTAGATACCCKG	ACGTCATCCCCACCTTCC
KO2	KO	2017/6/30	Beijing	BGI	HiSeq2500	Arabidopsis	1	ATCAGACACG	AACMGGATTAGATACCCKG	ACGTCATCCCCACCTTCC
KO3	KO	2017/7/2	Sanya	BGI	HiSeq2500	Arabidopsis	1	ATATCGCGAG	AACMGGATTAGATACCCKG	ACGTCATCCCCACCTTCC
KO4	KO	2017/7/2	Sanya	BGI	HiSeq2500	Arabidopsis	1	CACGAGACAG	AACMGGATTAGATACCCKG	ACGTCATCCCCACCTTCC
KO5	KO	2017/7/4	Harbin	BGI	HiSeq2500	Arabidopsis	1	CTCGCGTGTC	AACMGGATTAGATACCCKG	ACGTCATCCCCACCTTCC
KO6	KO	2017/7/5	Harbin	BGI	HiSeq2500	Arabidopsis	1	TAGTATCAGC	AACMGGATTAGATACCCKG	ACGTCATCCCCACCTTCC
OE1	OE	2017/6/30	Beijing	BGI	HiSeq2500	Arabidopsis	1	TCTCTATGCG	AACMGGATTAGATACCCKG	ACGTCATCCCCACCTTCC
OE2	OE	2017/6/30	Beijing	BGI	HiSeq2500	Arabidopsis	1	TACTGAGCTA	AACMGGATTAGATACCCKG	ACGTCATCCCCACCTTCC
OE3	OE	2017/7/2	Sanya	BGI	HiSeq2500	Arabidopsis	1	CATAGTAGTG	AACMGGATTAGATACCCKG	ACGTCATCCCCACCTTCC
OE4	OE	2017/7/2	Sanya	BGI	HiSeq2500	Arabidopsis	1	CGAGAGATAC	AACMGGATTAGATACCCKG	ACGTCATCCCCACCTTCC
OE5	OE	2017/7/4	Harbin	BGI	HiSeq2500	Arabidopsis	1	ATACGACGTA	AACMGGATTAGATACCCKG	ACGTCATCCCCACCTTCC
OE6	OE	2017/7/5	Harbin	BGI	HiSeq2500	Arabidopsis	1	TCACGTACTA	AACMGGATTAGATACCCKG	ACGTCATCCCCACCTTCC
WT1	WT	2017/6/30	Beijing	BGI	HiSeq2500	Arabidopsis	1	CGTCTAGTAC	AACMGGATTAGATACCCKG	ACGTCATCCCCACCTTCC
WT2	WT	2017/6/30	Beijing	BGI	HiSeq2500	Arabidopsis	1	TCTACGTAGC	AACMGGATTAGATACCCKG	ACGTCATCCCCACCTTCC
WT3	WT	2017/7/2	Sanya	BGI	HiSeq2500	Arabidopsis	1	CACGCGAGTC	AACMGGATTAGATACCCKG	ACGTCATCCCCACCTTCC
WT4	WT	2017/7/2	Sanya	BGI	HiSeq2500	Arabidopsis	1	ACGACTACAG	AACMGGATTAGATACCCKG	ACGTCATCCCCACCTTCC
WT5	WT	2017/7/4	Harbin	BGI	HiSeq2500	Arabidopsis	1	CGTAGACTAG	AACMGGATTAGATACCCKG	ACGTCATCCCCACCTTCC
WT6	WT	2017/7/5	Harbin	BGI	HiSeq2500	Arabidopsis	1	TACGAGTATG	AACMGGATTAGATACCCKG	ACGTCATCCCCACCTTCC
