ID,Kingdom,Phylum,Class,Order,Family,Genus,Species,mean,Label
ASV_1,Bacteria,Actinobacteria,Actinobacteria,Actinomycetales,Thermomonosporaceae,Unassigned,Unassigned,0.0335992528579207,ASV_1
ASV_10,Bacteria,Proteobacteria,Alphaproteobacteria,Rhizobiales,Rhizobiaceae,Rhizobium,Unassigned,0.017115722540349,ASV_10
ASV_100,Bacteria,Proteobacteria,Betaproteobacteria,Burkholderiales,Comamonadaceae,Hydrogenophaga,Hydrogenophaga_intermedia,0.00227495531725238,ASV_100
ASV_101,Bacteria,Proteobacteria,Unassigned,Unassigned,Unassigned,Unassigned,Unassigned,0.00143113055454871,ASV_101
ASV_102,Bacteria,Proteobacteria,Gammaproteobacteria,Unassigned,Unassigned,Unassigned,Unassigned,0.00184148580507002,ASV_102
ASV_103,Bacteria,Proteobacteria,Alphaproteobacteria,Rhizobiales,Phyllobacteriaceae,Phyllobacterium,Phyllobacterium_bourgognense,0.00190558069150211,ASV_103
ASV_104,Bacteria,Proteobacteria,Betaproteobacteria,Burkholderiales,Comamonadaceae,Polaromonas,Unassigned,0.00215338269079669,ASV_104
ASV_105,Bacteria,Proteobacteria,Alphaproteobacteria,Rhizobiales,Hyphomicrobiaceae,Devosia,Unassigned,0.00233782776064823,ASV_105
ASV_106,Bacteria,Actinobacteria,Actinobacteria,Actinomycetales,Streptomycetaceae,Streptomyces,Unassigned,0.000778322788694274,ASV_106
ASV_107,Bacteria,Proteobacteria,Betaproteobacteria,Burkholderiales,Unassigned,Unassigned,Unassigned,0.00176988089850378,ASV_107
ASV_1072,Bacteria,Proteobacteria,Betaproteobacteria,Burkholderiales,Burkholderiales_incertae_sedis,Aquabacterium,Unassigned,0.000334159886303438,ASV_1072
ASV_108,Bacteria,Proteobacteria,Alphaproteobacteria,Rhizobiales,Rhizobiaceae,Ensifer,Unassigned,0.00143418275913452,ASV_108
ASV_109,Bacteria,Actinobacteria,Actinobacteria,Actinomycetales,Pseudonocardiaceae,Unassigned,Unassigned,0.000668356027702374,ASV_109
ASV_11,Bacteria,Proteobacteria,Betaproteobacteria,Burkholderiales,Oxalobacteraceae,Unassigned,Unassigned,0.0101674235166987,ASV_11
ASV_110,Bacteria,Proteobacteria,Unassigned,Unassigned,Unassigned,Unassigned,Unassigned,0.00166199699846786,ASV_110
ASV_111,Bacteria,Proteobacteria,Betaproteobacteria,Burkholderiales,Unassigned,Unassigned,Unassigned,0.000962702649332782,ASV_111
ASV_112,Bacteria,Bacteroidetes,Sphingobacteriia,Sphingobacteriales,Chitinophagaceae,Niastella,Unassigned,0.000436520659049282,ASV_112
ASV_113,Bacteria,Actinobacteria,Actinobacteria,Actinomycetales,Microbacteriaceae,Agromyces,Unassigned,0.00156540482807736,ASV_113
ASV_114,Bacteria,Proteobacteria,Deltaproteobacteria,Myxococcales,Sandaracinaceae,Sandaracinus,Sandaracinus_amylolyticus,0.00200072474042886,ASV_114
ASV_115,Bacteria,Proteobacteria,Betaproteobacteria,Unassigned,Unassigned,Unassigned,Unassigned,0.00148035532741845,ASV_115
ASV_1156,Bacteria,Actinobacteria,Actinobacteria,Actinomycetales,Micromonosporaceae,Dactylosporangium,Unassigned,0.000654521873712881,ASV_1156
ASV_116,Bacteria,Actinobacteria,Actinobacteria,Actinomycetales,Pseudonocardiaceae,Kibdelosporangium,Kibdelosporangium_phytohabitans,0.00259564868728108,ASV_116
ASV_117,Bacteria,Actinobacteria,Actinobacteria,Actinomycetales,Micromonosporaceae,Micromonospora,Unassigned,0.00112146909440748,ASV_117
ASV_118,Bacteria,Proteobacteria,Betaproteobacteria,Burkholderiales,Comamonadaceae,Variovorax,Unassigned,0.00146153735383402,ASV_118
ASV_1185,Bacteria,Actinobacteria,Actinobacteria,Actinomycetales,Pseudonocardiaceae,Unassigned,Unassigned,0.000264458248620296,ASV_1185
ASV_119,Bacteria,Proteobacteria,Gammaproteobacteria,Xanthomonadales,Sinobacteraceae,Steroidobacter,Steroidobacter_denitrificans,0.000908242146089915,ASV_119
ASV_12,Bacteria,Bacteroidetes,Flavobacteriia,Flavobacteriales,Flavobacteriaceae,Flavobacterium,Flavobacterium_terrae,0.00650497606698399,ASV_12
ASV_120,Bacteria,Actinobacteria,Actinobacteria,Actinomycetales,Nocardioidaceae,Aeromicrobium,Aeromicrobium_ginsengisoli,0.00203087141076661,ASV_120
ASV_121,Bacteria,Proteobacteria,Unassigned,Unassigned,Unassigned,Unassigned,Unassigned,0.000971482923806152,ASV_121
ASV_122,Bacteria,Actinobacteria,Actinobacteria,Unassigned,Unassigned,Unassigned,Unassigned,0.00123741715308679,ASV_122
ASV_123,Bacteria,Proteobacteria,Betaproteobacteria,Burkholderiales,Burkholderiales_incertae_sedis,Aquabacterium,Unassigned,0.0015066103975663,ASV_123
ASV_1234,Bacteria,Firmicutes,Bacilli,Bacillales,Paenibacillaceae_1,Brevibacillus,Brevibacillus_ginsengisoli,0.000262817883628198,ASV_1234
ASV_124,Bacteria,Proteobacteria,Unassigned,Unassigned,Unassigned,Unassigned,Unassigned,0.00124159879824363,ASV_124
ASV_125,Bacteria,Actinobacteria,Actinobacteria,Actinomycetales,Streptosporangiaceae,Unassigned,Unassigned,0.00139287592902054,ASV_125
ASV_126,Bacteria,Actinobacteria,Actinobacteria,Actinomycetales,Nocardioidaceae,Nocardioides,Unassigned,0.00114090347624917,ASV_126
ASV_127,Bacteria,Proteobacteria,Betaproteobacteria,Burkholderiales,Unassigned,Unassigned,Unassigned,0.00132863583390343,ASV_127
ASV_128,Bacteria,Proteobacteria,Betaproteobacteria,Burkholderiales,Comamonadaceae,Unassigned,Unassigned,0.000887348450773148,ASV_128
ASV_129,Bacteria,Proteobacteria,Alphaproteobacteria,Rhizobiales,Rhizobiaceae,Rhizobium,Rhizobium_alvei,0.00141483344634191,ASV_129
ASV_13,Bacteria,Proteobacteria,Betaproteobacteria,Burkholderiales,Comamonadaceae,Unassigned,Unassigned,0.00890906227475398,ASV_13
ASV_130,Bacteria,Proteobacteria,Unassigned,Unassigned,Unassigned,Unassigned,Unassigned,0.00136594801191819,ASV_130
ASV_132,Bacteria,Proteobacteria,Betaproteobacteria,Burkholderiales,Unassigned,Unassigned,Unassigned,0.00173393863900952,ASV_132
ASV_133,Bacteria,Proteobacteria,Gammaproteobacteria,Xanthomonadales,Xanthomonadaceae,Unassigned,Unassigned,0.00137504413506258,ASV_133
ASV_134,Bacteria,Proteobacteria,Alphaproteobacteria,Rhizobiales,Phyllobacteriaceae,Mesorhizobium,Unassigned,0.00160056884436237,ASV_134
ASV_135,Bacteria,Actinobacteria,Actinobacteria,Actinomycetales,Streptosporangiaceae,Unassigned,Unassigned,0.00106934217384409,ASV_135
ASV_136,Bacteria,Proteobacteria,Betaproteobacteria,Burkholderiales,Burkholderiales_incertae_sedis,Unassigned,Unassigned,0.000996713300929558,ASV_136
ASV_137,Bacteria,Actinobacteria,Actinobacteria,Actinomycetales,Nocardioidaceae,Nocardioides,Unassigned,0.00158622651436287,ASV_137
ASV_138,Bacteria,Actinobacteria,Actinobacteria,Actinomycetales,Unassigned,Unassigned,Unassigned,0.00107320716493795,ASV_138
ASV_14,Bacteria,Proteobacteria,Betaproteobacteria,Burkholderiales,Unassigned,Unassigned,Unassigned,0.00960931796213696,ASV_14
ASV_140,Bacteria,Proteobacteria,Alphaproteobacteria,Sphingomonadales,Erythrobacteraceae,Altererythrobacter,Unassigned,0.00140192560685633,ASV_140
ASV_141,Bacteria,Proteobacteria,Betaproteobacteria,Burkholderiales,Oxalobacteraceae,Massilia,Unassigned,0.00203759099960554,ASV_141
ASV_142,Bacteria,Proteobacteria,Alphaproteobacteria,Rhizobiales,Unassigned,Unassigned,Unassigned,0.000979221231797815,ASV_142
ASV_143,Bacteria,Proteobacteria,Gammaproteobacteria,Pseudomonadales,Pseudomonadaceae,Unassigned,Unassigned,0.00100341490470737,ASV_143
ASV_144,Bacteria,Proteobacteria,Betaproteobacteria,Burkholderiales,Oxalobacteraceae,Unassigned,Unassigned,0.000931483091242117,ASV_144
ASV_145,Bacteria,Proteobacteria,Betaproteobacteria,Burkholderiales,Comamonadaceae,Roseateles,Unassigned,0.00111803414961212,ASV_145
ASV_146,Bacteria,Unassigned,Unassigned,Unassigned,Unassigned,Unassigned,Unassigned,0.000687337804840163,ASV_146
ASV_147,Bacteria,Proteobacteria,Alphaproteobacteria,Caulobacterales,Caulobacteraceae,Phenylobacterium,Phenylobacterium_composti,0.00125449543097366,ASV_147
ASV_148,Bacteria,Proteobacteria,Alphaproteobacteria,Rhizobiales,Unassigned,Unassigned,Unassigned,0.00102961520708815,ASV_148
ASV_149,Bacteria,Actinobacteria,Actinobacteria,Actinomycetales,Pseudonocardiaceae,Amycolatopsis,Unassigned,0.00113762075148311,ASV_149
ASV_15,Bacteria,Proteobacteria,Alphaproteobacteria,Rhizobiales,Bradyrhizobiaceae,Bradyrhizobium,Bradyrhizobium_neotropicale,0.010197506235865,ASV_15
ASV_150,Bacteria,Proteobacteria,Betaproteobacteria,Burkholderiales,Unassigned,Unassigned,Unassigned,0.0010361919751053,ASV_150
ASV_151,Bacteria,Unassigned,Unassigned,Unassigned,Unassigned,Unassigned,Unassigned,0.00118316599616209,ASV_151
ASV_152,Bacteria,Proteobacteria,Betaproteobacteria,Methylophilales,Methylophilaceae,Unassigned,Unassigned,0.000826176602105677,ASV_152
ASV_153,Bacteria,Proteobacteria,Gammaproteobacteria,Xanthomonadales,Sinobacteraceae,Unassigned,Unassigned,0.000987917682458493,ASV_153
ASV_154,Bacteria,Actinobacteria,Actinobacteria,Actinomycetales,Pseudonocardiaceae,Lentzea,Unassigned,0.00116846194138464,ASV_154
ASV_155,Bacteria,Actinobacteria,Actinobacteria,Actinomycetales,Nocardioidaceae,Nocardioides,Unassigned,0.00114575982776653,ASV_155
ASV_156,Bacteria,Proteobacteria,Alphaproteobacteria,Rhizobiales,Hyphomicrobiaceae,Hyphomicrobium,Unassigned,0.0015919096937877,ASV_156
ASV_157,Bacteria,Proteobacteria,Alphaproteobacteria,Rhizobiales,Bradyrhizobiaceae,Bosea,Bosea_eneae,0.00117774063774029,ASV_157
ASV_158,Bacteria,Actinobacteria,Actinobacteria,Actinomycetales,Micromonosporaceae,Unassigned,Unassigned,0.001029698259284,ASV_158
ASV_159,Bacteria,Actinobacteria,Actinobacteria,Actinomycetales,Streptomycetaceae,Streptomyces,Streptomyces_canus,0.000635871025086377,ASV_159
ASV_16,Bacteria,Actinobacteria,Actinobacteria,Actinomycetales,Streptomycetaceae,Streptomyces,Streptomyces_ederensis,0.00729009419076857,ASV_16
ASV_160,Bacteria,Proteobacteria,Alphaproteobacteria,Caulobacterales,Caulobacteraceae,Caulobacter,Caulobacter_henricii,0.000933784336143861,ASV_160
ASV_162,Bacteria,Proteobacteria,Alphaproteobacteria,Rhodospirillales,Unassigned,Reyranella,Reyranella_soli,0.00115744713570436,ASV_162
ASV_163,Bacteria,Actinobacteria,Actinobacteria,Actinomycetales,Unassigned,Unassigned,Unassigned,0.000796472262629899,ASV_163
ASV_164,Bacteria,Proteobacteria,Gammaproteobacteria,Xanthomonadales,Sinobacteraceae,Unassigned,Unassigned,0.000655576702164615,ASV_164
ASV_165,Bacteria,Bacteroidetes,Flavobacteriia,Flavobacteriales,Flavobacteriaceae,Flavobacterium,Unassigned,0.000926996760857597,ASV_165
ASV_166,Bacteria,Proteobacteria,Betaproteobacteria,Burkholderiales,Unassigned,Unassigned,Unassigned,0.00397710322643311,ASV_166
ASV_167,Bacteria,Proteobacteria,Betaproteobacteria,Burkholderiales,Unassigned,Unassigned,Unassigned,0.00133261310066289,ASV_167
ASV_168,Bacteria,Bacteroidetes,Cytophagia,Cytophagales,Unassigned,Unassigned,Unassigned,0.000356537552591101,ASV_168
ASV_169,Bacteria,Proteobacteria,Betaproteobacteria,Burkholderiales,Oxalobacteraceae,Unassigned,Unassigned,0.000574499906532991,ASV_169
ASV_17,Bacteria,Proteobacteria,Betaproteobacteria,Burkholderiales,Comamonadaceae,Unassigned,Unassigned,0.011392451151154,ASV_17
ASV_170,Bacteria,Proteobacteria,Alphaproteobacteria,Caulobacterales,Hyphomonadaceae,Hyphomonas,Unassigned,0.00078623126897172,ASV_170
ASV_172,Bacteria,Firmicutes,Bacilli,Bacillales,Bacillaceae_1,Bacillus,Unassigned,0.000499357737146994,ASV_172
ASV_173,Bacteria,Firmicutes,Bacilli,Bacillales,Paenibacillaceae_1,Paenibacillus,Paenibacillus_panacisoli,0.00249544729833348,ASV_173
ASV_175,Bacteria,Proteobacteria,Betaproteobacteria,Burkholderiales,Oxalobacteraceae,Unassigned,Unassigned,0.00172351600094411,ASV_175
ASV_1751,Bacteria,Proteobacteria,Alphaproteobacteria,Caulobacterales,Caulobacteraceae,Unassigned,Unassigned,0.000280454575926959,ASV_1751
ASV_176,Bacteria,Proteobacteria,Alphaproteobacteria,Sphingomonadales,Sphingomonadaceae,Sphingopyxis,Unassigned,0.00124715282785807,ASV_176
ASV_177,Bacteria,Bacteroidetes,Flavobacteriia,Flavobacteriales,Flavobacteriaceae,Flavobacterium,Unassigned,0.000553596645679972,ASV_177
ASV_178,Bacteria,Actinobacteria,Actinobacteria,Actinomycetales,Microbacteriaceae,Agromyces,Unassigned,0.000827742096842232,ASV_178
ASV_179,Bacteria,Proteobacteria,Alphaproteobacteria,Sphingomonadales,Sphingomonadaceae,Sphingopyxis,Unassigned,0.000831054469395154,ASV_179
ASV_18,Bacteria,Actinobacteria,Actinobacteria,Actinomycetales,Pseudonocardiaceae,Lentzea,Lentzea_flaviverrucosa,0.006366038265999,ASV_18
ASV_180,Bacteria,Actinobacteria,Actinobacteria,Actinomycetales,Unassigned,Unassigned,Unassigned,0.000820890340601155,ASV_180
ASV_181,Bacteria,Proteobacteria,Gammaproteobacteria,Xanthomonadales,Sinobacteraceae,Steroidobacter,Steroidobacter_denitrificans,0.000718888642026929,ASV_181
ASV_182,Bacteria,Proteobacteria,Alphaproteobacteria,Sphingomonadales,Sphingomonadaceae,Sphingomonas,Unassigned,0.00127453678801684,ASV_182
ASV_183,Bacteria,Proteobacteria,Unassigned,Unassigned,Unassigned,Unassigned,Unassigned,0.000907392714565802,ASV_183
ASV_184,Bacteria,Proteobacteria,Gammaproteobacteria,Xanthomonadales,Xanthomonadaceae,Lysobacter,Unassigned,0.00114467728259892,ASV_184
ASV_1843,Bacteria,Actinobacteria,Actinobacteria,Actinomycetales,Nocardioidaceae,Nocardioides,Unassigned,0.000377586033914596,ASV_1843
ASV_185,Bacteria,Proteobacteria,Betaproteobacteria,Burkholderiales,Oxalobacteraceae,Unassigned,Unassigned,0.00125731434956781,ASV_185
ASV_186,Bacteria,Actinobacteria,Actinobacteria,Actinomycetales,Kineosporiaceae,Unassigned,Unassigned,0.000627528940319367,ASV_186
ASV_187,Bacteria,Proteobacteria,Betaproteobacteria,Burkholderiales,Oxalobacteraceae,Unassigned,Unassigned,0.00135083274981373,ASV_187
ASV_188,Bacteria,Proteobacteria,Alphaproteobacteria,Rhizobiales,Bradyrhizobiaceae,Bradyrhizobium,Bradyrhizobium_neotropicale,0.000880316755465485,ASV_188
ASV_189,Bacteria,Proteobacteria,Alphaproteobacteria,Caulobacterales,Caulobacteraceae,Phenylobacterium,Unassigned,0.00110052348451125,ASV_189
ASV_19,Bacteria,Actinobacteria,Actinobacteria,Actinomycetales,Pseudonocardiaceae,Lentzea,Lentzea_flaviverrucosa,0.00741025458761484,ASV_19
ASV_190,Bacteria,Proteobacteria,Alphaproteobacteria,Rhizobiales,Bradyrhizobiaceae,Bosea,Bosea_eneae,0.0011072984491226,ASV_190
ASV_192,Bacteria,Proteobacteria,Betaproteobacteria,Burkholderiales,Burkholderiales_incertae_sedis,Aquabacterium,Unassigned,0.00104274956702287,ASV_192
ASV_193,Bacteria,Actinobacteria,Actinobacteria,Actinomycetales,Pseudonocardiaceae,Pseudonocardia,Unassigned,0.0007036664820268,ASV_193
ASV_194,Bacteria,Chloroflexi,Chloroflexia,Chloroflexales,Chloroflexaceae,Unassigned,Unassigned,0.000670902889223288,ASV_194
ASV_195,Bacteria,Proteobacteria,Alphaproteobacteria,Sphingomonadales,Sphingomonadaceae,Sphingomonas,Unassigned,0.00120183267405298,ASV_195
ASV_197,Bacteria,Proteobacteria,Alphaproteobacteria,Rhizobiales,Unassigned,Unassigned,Unassigned,0.000876197892053353,ASV_197
ASV_198,Bacteria,Actinobacteria,Actinobacteria,Actinomycetales,Promicromonosporaceae,Promicromonospora,Promicromonospora_xylanilytica,0.00106723520139502,ASV_198
ASV_1982,Bacteria,Proteobacteria,Betaproteobacteria,Burkholderiales,Oxalobacteraceae,Unassigned,Unassigned,0.000326727160891769,ASV_1982
ASV_199,Bacteria,Proteobacteria,Alphaproteobacteria,Caulobacterales,Caulobacteraceae,Phenylobacterium,Unassigned,0.000634305389330863,ASV_199
ASV_2,Bacteria,Proteobacteria,Betaproteobacteria,Burkholderiales,Comamonadaceae,Pelomonas,Pelomonas_puraquae,0.055617943082605,ASV_2
ASV_20,Bacteria,Actinobacteria,Actinobacteria,Actinomycetales,Pseudonocardiaceae,Amycolatopsis,Unassigned,0.00584870561852088,ASV_20
ASV_200,Bacteria,Chloroflexi,Unassigned,Unassigned,Unassigned,Unassigned,Unassigned,0.000523281061951958,ASV_200
ASV_201,Bacteria,Proteobacteria,Betaproteobacteria,Burkholderiales,Oxalobacteraceae,Unassigned,Unassigned,0.00142486522461331,ASV_201
ASV_202,Bacteria,Proteobacteria,Gammaproteobacteria,Pseudomonadales,Pseudomonadaceae,Pseudomonas,Unassigned,0.000370990873416227,ASV_202
ASV_203,Bacteria,Proteobacteria,Gammaproteobacteria,Xanthomonadales,Sinobacteraceae,Steroidobacter,Unassigned,0.000421898198252428,ASV_203
ASV_205,Bacteria,Chloroflexi,Chloroflexia,Chloroflexales,Unassigned,Unassigned,Unassigned,0.000553325431726057,ASV_205
ASV_206,Bacteria,Proteobacteria,Alphaproteobacteria,Rhizobiales,Bradyrhizobiaceae,Bosea,Unassigned,0.00151055084669939,ASV_206
ASV_207,Bacteria,Proteobacteria,Alphaproteobacteria,Rhizobiales,Hyphomicrobiaceae,Hyphomicrobium,Hyphomicrobium_vulgare,0.000906138269197426,ASV_207
ASV_208,Bacteria,Actinobacteria,Actinobacteria,Actinomycetales,Streptomycetaceae,Streptomyces,Unassigned,0.000408650881632832,ASV_208
ASV_209,Bacteria,Actinobacteria,Actinobacteria,Actinomycetales,Nocardiaceae,Nocardia,Unassigned,0.000756404800253811,ASV_209
ASV_21,Bacteria,Actinobacteria,Actinobacteria,Actinomycetales,Nocardioidaceae,Kribbella,Kribbella_catacumbae,0.00486058836418115,ASV_21
ASV_210,Bacteria,Proteobacteria,Deltaproteobacteria,Unassigned,Unassigned,Unassigned,Unassigned,0.000626886156797294,ASV_210
ASV_211,Bacteria,Proteobacteria,Alphaproteobacteria,Rhizobiales,Unassigned,Unassigned,Unassigned,0.00110353369821286,ASV_211
ASV_212,Bacteria,Proteobacteria,Betaproteobacteria,Burkholderiales,Burkholderiales_incertae_sedis,Unassigned,Unassigned,0.000708517813272928,ASV_212
ASV_213,Bacteria,Proteobacteria,Gammaproteobacteria,Xanthomonadales,Sinobacteraceae,Steroidobacter,Steroidobacter_denitrificans,0.000707061014944061,ASV_213
ASV_214,Bacteria,Proteobacteria,Betaproteobacteria,Burkholderiales,Unassigned,Unassigned,Unassigned,0.000519061406732313,ASV_214
ASV_215,Bacteria,Actinobacteria,Actinobacteria,Actinomycetales,Micromonosporaceae,Unassigned,Unassigned,0.000769644459504991,ASV_215
ASV_216,Bacteria,Chloroflexi,Unassigned,Unassigned,Unassigned,Unassigned,Unassigned,0.000694241498862216,ASV_216
ASV_217,Bacteria,Proteobacteria,Gammaproteobacteria,Pseudomonadales,Pseudomonadaceae,Cellvibrio,Unassigned,0.000384006381259664,ASV_217
ASV_218,Bacteria,Chloroflexi,Unassigned,Unassigned,Unassigned,Unassigned,Unassigned,0.00120834098623176,ASV_218
ASV_219,Bacteria,Actinobacteria,Actinobacteria,Actinomycetales,Microbacteriaceae,Agromyces,Unassigned,0.000723419637291146,ASV_219
ASV_22,Bacteria,Proteobacteria,Alphaproteobacteria,Rhizobiales,Unassigned,Unassigned,Unassigned,0.00625895020834667,ASV_22
ASV_220,Bacteria,Proteobacteria,Unassigned,Unassigned,Unassigned,Unassigned,Unassigned,0.000872344613849098,ASV_220
ASV_221,Bacteria,Proteobacteria,Betaproteobacteria,Methylophilales,Methylophilaceae,Methylotenera,Unassigned,0.000816950129540807,ASV_221
ASV_222,Bacteria,Proteobacteria,Betaproteobacteria,Burkholderiales,Oxalobacteraceae,Massilia,Unassigned,0.000461915024380237,ASV_222
ASV_223,Bacteria,Bacteroidetes,Cytophagia,Cytophagales,Unassigned,Ohtaekwangia,Ohtaekwangia_kribbensis,0.00103002610639304,ASV_223
ASV_224,Bacteria,Actinobacteria,Actinobacteria,Actinomycetales,Pseudonocardiaceae,Saccharothrix,Saccharothrix_longispora,0.000857420537039813,ASV_224
ASV_225,Bacteria,Proteobacteria,Deltaproteobacteria,Bdellovibrionales,Bacteriovoracaceae,Peredibacter,Peredibacter_starrii,0.000731190641097182,ASV_225
ASV_2250,Bacteria,Proteobacteria,Betaproteobacteria,Burkholderiales,Burkholderiales_incertae_sedis,Unassigned,Unassigned,0.00077835013144256,ASV_2250
ASV_226,Bacteria,Actinobacteria,Actinobacteria,Actinomycetales,Micromonosporaceae,Unassigned,Unassigned,0.000695873875393657,ASV_226
ASV_227,Bacteria,Proteobacteria,Gammaproteobacteria,Xanthomonadales,Sinobacteraceae,Steroidobacter,Steroidobacter_denitrificans,0.00058265827188894,ASV_227
ASV_228,Bacteria,Proteobacteria,Betaproteobacteria,Burkholderiales,Burkholderiaceae,Burkholderia,Unassigned,0.000543211015602018,ASV_228
ASV_229,Bacteria,Proteobacteria,Unassigned,Unassigned,Unassigned,Unassigned,Unassigned,0.000438022513424944,ASV_229
ASV_23,Bacteria,Actinobacteria,Actinobacteria,Actinomycetales,Pseudonocardiaceae,Amycolatopsis,Amycolatopsis_keratiniphila_subsp._keratiniphila,0.00735191159152557,ASV_23
ASV_230,Bacteria,Bacteroidetes,Sphingobacteriia,Sphingobacteriales,Sphingobacteriaceae,Unassigned,Unassigned,0.000461616974856993,ASV_230
ASV_231,Bacteria,Proteobacteria,Betaproteobacteria,Burkholderiales,Comamonadaceae,Unassigned,Unassigned,0.000449446370034173,ASV_231
ASV_232,Bacteria,Proteobacteria,Alphaproteobacteria,Rhizobiales,Unassigned,Unassigned,Unassigned,0.00105131200126733,ASV_232
ASV_233,Bacteria,Proteobacteria,Gammaproteobacteria,Xanthomonadales,Xanthomonadaceae,Lysobacter,Unassigned,0.000762661654714782,ASV_233
ASV_234,Bacteria,Proteobacteria,Betaproteobacteria,Burkholderiales,Unassigned,Unassigned,Unassigned,0.000725965358214219,ASV_234
ASV_235,Bacteria,Actinobacteria,Actinobacteria,Actinomycetales,Micromonosporaceae,Unassigned,Unassigned,0.000542190229374259,ASV_235
ASV_236,Bacteria,Actinobacteria,Actinobacteria,Gaiellales,Gaiellaceae,Gaiella,Gaiella_occulta,0.000564746719551039,ASV_236
ASV_237,Bacteria,Proteobacteria,Betaproteobacteria,Burkholderiales,Unassigned,Unassigned,Unassigned,0.000942017681506294,ASV_237
ASV_238,Bacteria,Proteobacteria,Alphaproteobacteria,Rhizobiales,Bradyrhizobiaceae,Bosea,Bosea_lathyri,0.000868808168359645,ASV_238
ASV_239,Bacteria,Proteobacteria,Betaproteobacteria,Methylophilales,Methylophilaceae,Unassigned,Unassigned,0.000625813077918547,ASV_239
ASV_24,Bacteria,Proteobacteria,Alphaproteobacteria,Sphingomonadales,Sphingomonadaceae,Sphingomonas,Unassigned,0.00852702016439177,ASV_24
ASV_240,Bacteria,Actinobacteria,Actinobacteria,Actinomycetales,Nocardioidaceae,Nocardioides,Nocardioides_agariphilus,0.000557515176577871,ASV_240
ASV_241,Bacteria,Proteobacteria,Betaproteobacteria,Unassigned,Unassigned,Unassigned,Unassigned,0.000369458575696034,ASV_241
ASV_2411,Bacteria,Actinobacteria,Actinobacteria,Actinomycetales,Nocardioidaceae,Nocardioides,Nocardioides_dilutus,0.000295356900259972,ASV_2411
ASV_242,Bacteria,Proteobacteria,Gammaproteobacteria,Xanthomonadales,Xanthomonadaceae,Unassigned,Unassigned,0.000646865385938315,ASV_242
ASV_243,Bacteria,Actinobacteria,Actinobacteria,Actinomycetales,Pseudonocardiaceae,Lentzea,Lentzea_jiangxiensis,0.000458730881893845,ASV_243
ASV_244,Bacteria,Actinobacteria,Actinobacteria,Actinomycetales,Micromonosporaceae,Virgisporangium,Virgisporangium_ochraceum,0.000930095320143788,ASV_244
ASV_245,Bacteria,Proteobacteria,Betaproteobacteria,Burkholderiales,Unassigned,Unassigned,Unassigned,0.000715166864512496,ASV_245
ASV_246,Bacteria,Firmicutes,Bacilli,Bacillales,Bacillaceae_1,Bacillus,Bacillus_thuringiensis,0.000437732170288771,ASV_246
ASV_248,Bacteria,Proteobacteria,Alphaproteobacteria,Rhizobiales,Unassigned,Unassigned,Unassigned,0.000728901580446103,ASV_248
ASV_249,Bacteria,Proteobacteria,Deltaproteobacteria,Bdellovibrionales,Bacteriovoracaceae,Peredibacter,Peredibacter_starrii,0.000697967477876724,ASV_249
ASV_25,Bacteria,Actinobacteria,Actinobacteria,Actinomycetales,Pseudonocardiaceae,Actinophytocola,Actinophytocola_burenkhanensis,0.00678398966922463,ASV_25
ASV_250,Bacteria,Proteobacteria,Deltaproteobacteria,Myxococcales,Unassigned,Unassigned,Unassigned,0.000448862349855487,ASV_250
ASV_251,Bacteria,Proteobacteria,Betaproteobacteria,Burkholderiales,Oxalobacteraceae,Massilia,Massilia_namucuonensis,0.00105275625165637,ASV_251
ASV_252,Bacteria,Proteobacteria,Gammaproteobacteria,Xanthomonadales,Xanthomonadaceae,Unassigned,Unassigned,0.000626050751160394,ASV_252
ASV_253,Bacteria,Proteobacteria,Betaproteobacteria,Burkholderiales,Unassigned,Unassigned,Unassigned,0.000813562122358425,ASV_253
ASV_254,Bacteria,Proteobacteria,Unassigned,Unassigned,Unassigned,Unassigned,Unassigned,0.000757838464594893,ASV_254
ASV_255,Bacteria,Proteobacteria,Gammaproteobacteria,Unassigned,Unassigned,Unassigned,Unassigned,0.000430976802291701,ASV_255
ASV_256,Bacteria,Actinobacteria,Actinobacteria,Actinomycetales,Micromonosporaceae,Unassigned,Unassigned,0.000459291920479757,ASV_256
ASV_257,Bacteria,Proteobacteria,Alphaproteobacteria,Rhizobiales,Hyphomicrobiaceae,Devosia,Devosia_insulae,0.000861389168904344,ASV_257
ASV_258,Bacteria,Bacteroidetes,Flavobacteriia,Flavobacteriales,Flavobacteriaceae,Flavobacterium,Unassigned,0.000760611513454026,ASV_258
ASV_259,Bacteria,Proteobacteria,Gammaproteobacteria,Xanthomonadales,Sinobacteraceae,Steroidobacter,Steroidobacter_denitrificans,0.000412485618009925,ASV_259
ASV_26,Bacteria,Actinobacteria,Actinobacteria,Actinomycetales,Pseudonocardiaceae,Actinophytocola,Actinophytocola_burenkhanensis,0.00432354254878288,ASV_26
ASV_260,Bacteria,Proteobacteria,Alphaproteobacteria,Rhodospirillales,Rhodospirillaceae,Dongia,Dongia_mobilis,0.000451946562253347,ASV_260
ASV_261,Bacteria,Actinobacteria,Actinobacteria,Actinomycetales,Pseudonocardiaceae,Unassigned,Unassigned,0.000336346035153945,ASV_261
ASV_262,Bacteria,Actinobacteria,Actinobacteria,Actinomycetales,Promicromonosporaceae,Promicromonospora,Unassigned,0.000567503610117584,ASV_262
ASV_263,Bacteria,Actinobacteria,Actinobacteria,Actinomycetales,Micromonosporaceae,Virgisporangium,Virgisporangium_aliadipatigenens,0.000664098919232987,ASV_263
ASV_264,Bacteria,Actinobacteria,Actinobacteria,Actinomycetales,Unassigned,Unassigned,Unassigned,0.000546044737544039,ASV_264
ASV_265,Bacteria,Proteobacteria,Gammaproteobacteria,Xanthomonadales,Sinobacteraceae,Unassigned,Unassigned,0.000508019274436811,ASV_265
ASV_266,Bacteria,Actinobacteria,Actinobacteria,Actinomycetales,Streptomycetaceae,Streptomyces,Unassigned,0.000532439543299685,ASV_266
ASV_267,Bacteria,Proteobacteria,Alphaproteobacteria,Rhizobiales,Unassigned,Unassigned,Unassigned,0.000709956754213724,ASV_267
ASV_268,Bacteria,Proteobacteria,Alphaproteobacteria,Caulobacterales,Caulobacteraceae,Caulobacter,Caulobacter_fusiformis,0.000467197138431973,ASV_268
ASV_269,Bacteria,Proteobacteria,Alphaproteobacteria,Rhizobiales,Hyphomicrobiaceae,Devosia,Devosia_insulae,0.000645165831322868,ASV_269
ASV_27,Bacteria,Proteobacteria,Alphaproteobacteria,Rhizobiales,Bradyrhizobiaceae,Bradyrhizobium,Bradyrhizobium_neotropicale,0.00507018913066052,ASV_27
ASV_270,Bacteria,Chloroflexi,Unassigned,Unassigned,Unassigned,Unassigned,Unassigned,0.000608617080830325,ASV_270
ASV_271,Bacteria,Actinobacteria,Actinobacteria,Solirubrobacterales,Solirubrobacteraceae,Solirubrobacter,Solirubrobacter_ginsenosidimutans,0.000481343654155256,ASV_271
ASV_272,Bacteria,Bacteroidetes,Cytophagia,Cytophagales,Unassigned,Chryseolinea,Chryseolinea_serpens,0.000361499618234302,ASV_272
ASV_273,Bacteria,Actinobacteria,Actinobacteria,Actinomycetales,Mycobacteriaceae,Mycobacterium,Unassigned,0.00056678028975324,ASV_273
ASV_274,Bacteria,Actinobacteria,Actinobacteria,Actinomycetales,Pseudonocardiaceae,Lentzea,Lentzea_kentuckyensis,0.00104235224133893,ASV_274
ASV_275,Bacteria,Proteobacteria,Deltaproteobacteria,Unassigned,Unassigned,Unassigned,Unassigned,0.000600515489525903,ASV_275
ASV_276,Bacteria,Proteobacteria,Gammaproteobacteria,Xanthomonadales,Sinobacteraceae,Steroidobacter,Steroidobacter_agariperforans,0.000574458686680153,ASV_276
ASV_277,Bacteria,Actinobacteria,Actinobacteria,Actinomycetales,Nocardioidaceae,Aeromicrobium,Unassigned,0.000750552277063855,ASV_277
ASV_278,Bacteria,Proteobacteria,Alphaproteobacteria,Rhizobiales,Hyphomicrobiaceae,Devosia,Unassigned,0.000760449400113402,ASV_278
ASV_279,Bacteria,Actinobacteria,Actinobacteria,Actinomycetales,Micromonosporaceae,Unassigned,Unassigned,0.000593905714682707,ASV_279
ASV_28,Bacteria,Actinobacteria,Actinobacteria,Actinomycetales,Thermomonosporaceae,Actinocorallia,Unassigned,0.00620338121655582,ASV_28
ASV_280,Bacteria,Proteobacteria,Alphaproteobacteria,Rhizobiales,Unassigned,Unassigned,Unassigned,0.000651020619141698,ASV_280
ASV_281,Bacteria,Unassigned,Unassigned,Unassigned,Unassigned,Unassigned,Unassigned,0.000610215101917094,ASV_281
ASV_282,Bacteria,Proteobacteria,Alphaproteobacteria,Rhizobiales,Hyphomicrobiaceae,Devosia,Unassigned,0.000852009499467294,ASV_282
ASV_283,Bacteria,Proteobacteria,Gammaproteobacteria,Xanthomonadales,Sinobacteraceae,Steroidobacter,Unassigned,0.000446115219335038,ASV_283
ASV_284,Bacteria,Actinobacteria,Actinobacteria,Actinomycetales,Nocardioidaceae,Nocardioides,Nocardioides_albus,0.000570441230244189,ASV_284
ASV_285,Bacteria,Proteobacteria,Gammaproteobacteria,Xanthomonadales,Sinobacteraceae,Steroidobacter,Steroidobacter_denitrificans,0.000421456389280564,ASV_285
ASV_286,Bacteria,Proteobacteria,Alphaproteobacteria,Rhodospirillales,Rhodospirillaceae,Dongia,Dongia_mobilis,0.000392777216125615,ASV_286
ASV_287,Bacteria,Proteobacteria,Betaproteobacteria,Burkholderiales,Comamonadaceae,Schlegelella,Schlegelella_aquatica,0.000517466733723796,ASV_287
ASV_288,Bacteria,Actinobacteria,Actinobacteria,Gaiellales,Gaiellaceae,Gaiella,Gaiella_occulta,0.000538528237169488,ASV_288
ASV_289,Bacteria,Actinobacteria,Actinobacteria,Actinomycetales,Micrococcaceae,Arthrobacter,Unassigned,0.000341921095700884,ASV_289
ASV_29,Bacteria,Proteobacteria,Alphaproteobacteria,Rhizobiales,Rhizobiaceae,Unassigned,Unassigned,0.00615102241824556,ASV_29
ASV_290,Bacteria,Proteobacteria,Alphaproteobacteria,Rhizobiales,Unassigned,Unassigned,Unassigned,0.000505703953329767,ASV_290
ASV_291,Bacteria,Proteobacteria,Gammaproteobacteria,Xanthomonadales,Xanthomonadaceae,Unassigned,Unassigned,0.000534417374796982,ASV_291
ASV_292,Bacteria,Proteobacteria,Alphaproteobacteria,Rhizobiales,Hyphomicrobiaceae,Devosia,Unassigned,0.000681873621360857,ASV_292
ASV_293,Bacteria,Proteobacteria,Betaproteobacteria,Burkholderiales,Comamonadaceae,Roseateles,Unassigned,0.000298112065205633,ASV_293
ASV_294,Bacteria,Proteobacteria,Gammaproteobacteria,Xanthomonadales,Sinobacteraceae,Unassigned,Unassigned,0.000360284254257348,ASV_294
ASV_295,Bacteria,Proteobacteria,Alphaproteobacteria,Rhizobiales,Rhodobiaceae,Methyloceanibacter,Methyloceanibacter_caenitepidi,0.000504738398891019,ASV_295
ASV_297,Bacteria,Actinobacteria,Actinobacteria,Solirubrobacterales,Unassigned,Unassigned,Unassigned,0.000444060624963479,ASV_297
ASV_298,Bacteria,Proteobacteria,Alphaproteobacteria,Rhizobiales,Phyllobacteriaceae,Phyllobacterium,Phyllobacterium_myrsinacearum,0.000621344203734796,ASV_298
ASV_299,Bacteria,Chloroflexi,Chloroflexia,Chloroflexales,Oscillochloridaceae,Oscillochloris,Unassigned,0.000545605471088283,ASV_299
ASV_3,Bacteria,Proteobacteria,Gammaproteobacteria,Pseudomonadales,Pseudomonadaceae,Rhizobacter,Rhizobacter_bergeniae,0.0218652045640559,ASV_3
ASV_30,Bacteria,Proteobacteria,Betaproteobacteria,Burkholderiales,Burkholderiales_incertae_sedis,Unassigned,Unassigned,0.00518147829993382,ASV_30
ASV_300,Bacteria,Actinobacteria,Actinobacteria,Acidimicrobiales,Iamiaceae,Iamia,Iamia_majanohamensis,0.000575425802103903,ASV_300
ASV_301,Bacteria,Proteobacteria,Alphaproteobacteria,Sphingomonadales,Sphingomonadaceae,Sphingomonas,Unassigned,0.000760827417336899,ASV_301
ASV_303,Bacteria,Actinobacteria,Actinobacteria,Actinomycetales,Micromonosporaceae,Actinoplanes,Actinoplanes_rectilineatus,0.000275864405438252,ASV_303
ASV_304,Bacteria,Proteobacteria,Alphaproteobacteria,Rhizobiales,Unassigned,Unassigned,Unassigned,0.00029682529563278,ASV_304
ASV_305,Bacteria,Actinobacteria,Actinobacteria,Unassigned,Unassigned,Unassigned,Unassigned,0.000327928183646206,ASV_305
ASV_306,Bacteria,Proteobacteria,Alphaproteobacteria,Rhizobiales,Unassigned,Unassigned,Unassigned,0.000606128662243498,ASV_306
ASV_307,Bacteria,Actinobacteria,Actinobacteria,Actinomycetales,Nocardioidaceae,Aeromicrobium,Aeromicrobium_panaciterrae,0.000822034333123619,ASV_307
ASV_308,Bacteria,Unassigned,Unassigned,Unassigned,Unassigned,Unassigned,Unassigned,0.00074343522718022,ASV_308
ASV_309,Bacteria,Chloroflexi,Chloroflexia,Chloroflexales,Unassigned,Unassigned,Unassigned,0.000459213301442693,ASV_309
ASV_31,Bacteria,Actinobacteria,Actinobacteria,Actinomycetales,Micromonosporaceae,Actinoplanes,Unassigned,0.0049929221064516,ASV_31
ASV_312,Bacteria,Proteobacteria,Alphaproteobacteria,Caulobacterales,Caulobacteraceae,Brevundimonas,Brevundimonas_basaltis,0.0008152733652088,ASV_312
ASV_313,Bacteria,Chloroflexi,Chloroflexia,Chloroflexales,Chloroflexaceae,Unassigned,Unassigned,0.000304202007691035,ASV_313
ASV_314,Bacteria,Actinobacteria,Actinobacteria,Actinomycetales,Streptomycetaceae,Streptomyces,Unassigned,0.000353681782157705,ASV_314
ASV_315,Bacteria,Proteobacteria,Unassigned,Unassigned,Unassigned,Unassigned,Unassigned,0.000519168776358105,ASV_315
ASV_317,Bacteria,Proteobacteria,Alphaproteobacteria,Rhizobiales,Rhizobiaceae,Rhizobium,Unassigned,0.000846736677148969,ASV_317
ASV_319,Bacteria,Proteobacteria,Deltaproteobacteria,Myxococcales,Polyangiaceae,Unassigned,Unassigned,0.00050128930604452,ASV_319
ASV_32,Bacteria,Proteobacteria,Betaproteobacteria,Burkholderiales,Comamonadaceae,Kinneretia,Kinneretia_asaccharophila,0.00400813715234255,ASV_32
ASV_320,Bacteria,Actinobacteria,Actinobacteria,Actinomycetales,Glycomycetaceae,Glycomyces,Unassigned,0.000526986261940404,ASV_320
ASV_321,Bacteria,Actinobacteria,Actinobacteria,Actinomycetales,Nocardioidaceae,Nocardioides,Nocardioides_dilutus,0.000595783471692441,ASV_321
ASV_322,Bacteria,Proteobacteria,Alphaproteobacteria,Rhizobiales,Unassigned,Unassigned,Unassigned,0.00120459702620148,ASV_322
ASV_323,Bacteria,Actinobacteria,Actinobacteria,Solirubrobacterales,Conexibacteraceae,Conexibacter,Conexibacter_arvalis,0.000548220498847765,ASV_323
ASV_324,Bacteria,Proteobacteria,Betaproteobacteria,Burkholderiales,Burkholderiales_incertae_sedis,Unassigned,Unassigned,0.000585207401006469,ASV_324
ASV_326,Bacteria,Actinobacteria,Actinobacteria,Unassigned,Unassigned,Unassigned,Unassigned,0.000284769816165609,ASV_326
ASV_327,Bacteria,Proteobacteria,Gammaproteobacteria,Xanthomonadales,Sinobacteraceae,Steroidobacter,Unassigned,0.000401859114376316,ASV_327
ASV_328,Bacteria,Proteobacteria,Betaproteobacteria,Burkholderiales,Comamonadaceae,Variovorax,Variovorax_guangxiensis,0.000909284250980361,ASV_328
ASV_33,Bacteria,Proteobacteria,Gammaproteobacteria,Xanthomonadales,Sinobacteraceae,Steroidobacter,Unassigned,0.00433467113732972,ASV_33
ASV_330,Bacteria,Proteobacteria,Betaproteobacteria,Burkholderiales,Comamonadaceae,Hydrogenophaga,Unassigned,0.000507386290309847,ASV_330
ASV_331,Bacteria,Proteobacteria,Alphaproteobacteria,Rhizobiales,Hyphomicrobiaceae,Devosia,Unassigned,0.000727554387935465,ASV_331
ASV_332,Bacteria,Chloroflexi,Unassigned,Unassigned,Unassigned,Unassigned,Unassigned,0.000501470690530191,ASV_332
ASV_333,Bacteria,Proteobacteria,Gammaproteobacteria,Unassigned,Unassigned,Unassigned,Unassigned,0.000310327699044273,ASV_333
ASV_336,Bacteria,Proteobacteria,Alphaproteobacteria,Rhizobiales,Hyphomicrobiaceae,Hyphomicrobium,Hyphomicrobium_vulgare,0.000660846977763001,ASV_336
ASV_337,Bacteria,Proteobacteria,Unassigned,Unassigned,Unassigned,Unassigned,Unassigned,0.000299268991842785,ASV_337
ASV_338,Bacteria,Proteobacteria,Betaproteobacteria,Burkholderiales,Oxalobacteraceae,Paraherbaspirillum,Paraherbaspirillum_soli,0.000829147824742723,ASV_338
ASV_339,Bacteria,Proteobacteria,Alphaproteobacteria,Rhizobiales,Hyphomicrobiaceae,Devosia,Unassigned,0.000682822167453836,ASV_339
ASV_34,Bacteria,Actinobacteria,Actinobacteria,Actinomycetales,Kineosporiaceae,Kineosporia,Kineosporia_rhamnosa,0.00320944940174915,ASV_34
ASV_340,Bacteria,Actinobacteria,Actinobacteria,Actinomycetales,Streptomycetaceae,Streptomyces,Streptomyces_bangladeshensis,0.000318033132518729,ASV_340
ASV_341,Bacteria,Unassigned,Unassigned,Unassigned,Unassigned,Unassigned,Unassigned,0.000449778340565944,ASV_341
ASV_342,Bacteria,Proteobacteria,Alphaproteobacteria,Rhizobiales,Rhodobiaceae,Methyloceanibacter,Methyloceanibacter_caenitepidi,0.000556905777275644,ASV_342
ASV_343,Bacteria,Proteobacteria,Deltaproteobacteria,Unassigned,Unassigned,Unassigned,Unassigned,0.000443229739834998,ASV_343
ASV_344,Bacteria,Proteobacteria,Gammaproteobacteria,Xanthomonadales,Xanthomonadaceae,Unassigned,Unassigned,0.000643249726975473,ASV_344
ASV_345,Bacteria,Actinobacteria,Actinobacteria,Actinomycetales,Micromonosporaceae,Unassigned,Unassigned,0.000387899482416698,ASV_345
ASV_346,Bacteria,Actinobacteria,Actinobacteria,Actinomycetales,Kineosporiaceae,Unassigned,Unassigned,0.000406936317588247,ASV_346
ASV_347,Bacteria,Proteobacteria,Gammaproteobacteria,Unassigned,Unassigned,Unassigned,Unassigned,0.000455048400666736,ASV_347
ASV_349,Bacteria,Proteobacteria,Alphaproteobacteria,Rhizobiales,Hyphomicrobiaceae,Pedomicrobium,Unassigned,0.000559600807282629,ASV_349
ASV_35,Bacteria,Proteobacteria,Betaproteobacteria,Burkholderiales,Unassigned,Unassigned,Unassigned,0.00449552700610934,ASV_35
ASV_350,Bacteria,Proteobacteria,Betaproteobacteria,Burkholderiales,Comamonadaceae,Pelomonas,Pelomonas_puraquae,0.000267641835868363,ASV_350
ASV_351,Bacteria,Proteobacteria,Deltaproteobacteria,Myxococcales,Polyangiaceae,Sorangium,Sorangium_cellulosum,0.000395116453046249,ASV_351
ASV_352,Bacteria,Actinobacteria,Actinobacteria,Actinomycetales,Unassigned,Unassigned,Unassigned,0.000315035805401588,ASV_352
ASV_353,Bacteria,Actinobacteria,Actinobacteria,Actinomycetales,Nocardioidaceae,Nocardioides,Unassigned,0.000471709605739463,ASV_353
ASV_354,Bacteria,Firmicutes,Bacilli,Bacillales,Paenibacillaceae_1,Paenibacillus,Paenibacillus_prosopidis,0.000534469348833792,ASV_354
ASV_355,Bacteria,Actinobacteria,Actinobacteria,Actinomycetales,Unassigned,Unassigned,Unassigned,0.000363775763946228,ASV_355
ASV_356,Bacteria,Actinobacteria,Actinobacteria,Unassigned,Unassigned,Unassigned,Unassigned,0.000360227019622112,ASV_356
ASV_357,Bacteria,Proteobacteria,Alphaproteobacteria,Rhizobiales,Bradyrhizobiaceae,Bosea,Unassigned,0.000500217565396266,ASV_357
ASV_358,Bacteria,Proteobacteria,Betaproteobacteria,Burkholderiales,Burkholderiales_incertae_sedis,Unassigned,Unassigned,0.000355759715167992,ASV_358
ASV_359,Bacteria,Proteobacteria,Alphaproteobacteria,Rhizobiales,Hyphomicrobiaceae,Hyphomicrobium,Hyphomicrobium_sulfonivorans,0.000455925438461841,ASV_359
ASV_36,Bacteria,Proteobacteria,Betaproteobacteria,Burkholderiales,Oxalobacteraceae,Pseudoduganella,Pseudoduganella_violaceinigra,0.00529173923390131,ASV_36
ASV_360,Bacteria,Proteobacteria,Gammaproteobacteria,Xanthomonadales,Sinobacteraceae,Steroidobacter,Unassigned,0.000375055099585688,ASV_360
ASV_361,Bacteria,Proteobacteria,Gammaproteobacteria,Xanthomonadales,Xanthomonadaceae,Lysobacter,Unassigned,0.000426886817089136,ASV_361
ASV_362,Bacteria,Proteobacteria,Gammaproteobacteria,Xanthomonadales,Sinobacteraceae,Steroidobacter,Steroidobacter_denitrificans,0.000361016107105291,ASV_362
ASV_363,Bacteria,Proteobacteria,Gammaproteobacteria,Xanthomonadales,Xanthomonadaceae,Unassigned,Unassigned,0.000322583739591584,ASV_363
ASV_365,Bacteria,Proteobacteria,Alphaproteobacteria,Caulobacterales,Caulobacteraceae,Asticcacaulis,Asticcacaulis_solisilvae,0.000508867199355117,ASV_365
ASV_366,Bacteria,Actinobacteria,Actinobacteria,Actinomycetales,Nocardioidaceae,Nocardioides,Unassigned,0.000470537710531666,ASV_366
ASV_367,Bacteria,Proteobacteria,Betaproteobacteria,Burkholderiales,Unassigned,Unassigned,Unassigned,0.0004539749583758,ASV_367
ASV_369,Bacteria,Proteobacteria,Alphaproteobacteria,Rhizobiales,Hyphomicrobiaceae,Devosia,Unassigned,0.000499643521991991,ASV_369
ASV_37,Bacteria,Proteobacteria,Gammaproteobacteria,Xanthomonadales,Sinobacteraceae,Steroidobacter,Unassigned,0.00305391001109705,ASV_37
ASV_371,Bacteria,Proteobacteria,Gammaproteobacteria,Xanthomonadales,Xanthomonadaceae,Arenimonas,Unassigned,0.000371501876406174,ASV_371
ASV_372,Bacteria,Actinobacteria,Actinobacteria,Actinomycetales,Micromonosporaceae,Micromonospora,Unassigned,0.000354986090496985,ASV_372
ASV_373,Bacteria,Proteobacteria,Deltaproteobacteria,Unassigned,Unassigned,Unassigned,Unassigned,0.000332941558790951,ASV_373
ASV_374,Bacteria,Proteobacteria,Unassigned,Unassigned,Unassigned,Unassigned,Unassigned,0.000309929293932183,ASV_374
ASV_375,Bacteria,Proteobacteria,Gammaproteobacteria,Pseudomonadales,Pseudomonadaceae,Permianibacter,Permianibacter_aggregans,0.00033888281127545,ASV_375
ASV_376,Bacteria,Firmicutes,Bacilli,Bacillales,Bacillaceae_1,Bacillus,Unassigned,0.000270666203624906,ASV_376
ASV_377,Bacteria,Proteobacteria,Alphaproteobacteria,Rhizobiales,Hyphomicrobiaceae,Pedomicrobium,Pedomicrobium_manganicum,0.000303717936074118,ASV_377
ASV_378,Bacteria,Actinobacteria,Actinobacteria,Actinomycetales,Micromonosporaceae,Verrucosispora,Verrucosispora_andamanensis,0.000457117662146386,ASV_378
ASV_379,Bacteria,Proteobacteria,Alphaproteobacteria,Sphingomonadales,Sphingomonadaceae,Unassigned,Unassigned,0.000628342541668965,ASV_379
ASV_38,Bacteria,Proteobacteria,Betaproteobacteria,Burkholderiales,Oxalobacteraceae,Pseudoduganella,Pseudoduganella_violaceinigra,0.00369281958589384,ASV_38
ASV_380,Bacteria,Proteobacteria,Alphaproteobacteria,Rhizobiales,Phyllobacteriaceae,Unassigned,Unassigned,0.00027897320485062,ASV_380
ASV_381,Bacteria,Actinobacteria,Actinobacteria,Actinomycetales,Unassigned,Unassigned,Unassigned,0.000308630101799312,ASV_381
ASV_382,Bacteria,Proteobacteria,Alphaproteobacteria,Rhizobiales,Hyphomicrobiaceae,Pedomicrobium,Unassigned,0.000373104802339568,ASV_382
ASV_384,Bacteria,Proteobacteria,Unassigned,Unassigned,Unassigned,Unassigned,Unassigned,0.000332162469030779,ASV_384
ASV_385,Bacteria,Proteobacteria,Alphaproteobacteria,Sphingomonadales,Sphingomonadaceae,Sphingobium,Unassigned,0.00035398226423334,ASV_385
ASV_386,Bacteria,Chloroflexi,Chloroflexia,Herpetosiphonales,Herpetosiphonaceae,Herpetosiphon,Unassigned,0.000310543336632351,ASV_386
ASV_387,Bacteria,Proteobacteria,Alphaproteobacteria,Rhizobiales,Hyphomicrobiaceae,Unassigned,Unassigned,0.000482863919409518,ASV_387
ASV_388,Bacteria,Actinobacteria,Actinobacteria,Actinomycetales,Pseudonocardiaceae,Pseudonocardia,Pseudonocardia_kunmingensis,0.000346196278074153,ASV_388
ASV_389,Bacteria,Proteobacteria,Alphaproteobacteria,Rhizobiales,Phyllobacteriaceae,Mesorhizobium,Unassigned,0.000513577994784876,ASV_389
ASV_39,Bacteria,Proteobacteria,Betaproteobacteria,Burkholderiales,Unassigned,Unassigned,Unassigned,0.00585910307181636,ASV_39
ASV_390,Bacteria,Proteobacteria,Betaproteobacteria,Burkholderiales,Oxalobacteraceae,Unassigned,Unassigned,0.000340598499492596,ASV_390
ASV_391,Bacteria,Proteobacteria,Betaproteobacteria,Burkholderiales,Oxalobacteraceae,Unassigned,Unassigned,0.000690230228865183,ASV_391
ASV_392,Bacteria,Proteobacteria,Deltaproteobacteria,Myxococcales,Unassigned,Unassigned,Unassigned,0.000322339856271307,ASV_392
ASV_393,Bacteria,Proteobacteria,Gammaproteobacteria,Xanthomonadales,Xanthomonadaceae,Lysobacter,Lysobacter_enzymogenes,0.000458362580073501,ASV_393
ASV_394,Bacteria,Actinobacteria,Actinobacteria,Actinomycetales,Pseudonocardiaceae,Pseudonocardia,Unassigned,0.000337676494322927,ASV_394
ASV_395,Bacteria,Chloroflexi,Chloroflexia,Chloroflexales,Chloroflexaceae,Roseiflexus,Unassigned,0.000346487338193491,ASV_395
ASV_396,Bacteria,Actinobacteria,Actinobacteria,Actinomycetales,Micromonosporaceae,Catellatospora,Unassigned,0.000319496453093505,ASV_396
ASV_398,Bacteria,Proteobacteria,Gammaproteobacteria,Unassigned,Unassigned,Unassigned,Unassigned,0.000312937607473813,ASV_398
ASV_4,Bacteria,Proteobacteria,Gammaproteobacteria,Pseudomonadales,Pseudomonadaceae,Rhizobacter,Unassigned,0.022430340510775,ASV_4
ASV_40,Bacteria,Chloroflexi,Chloroflexia,Herpetosiphonales,Herpetosiphonaceae,Herpetosiphon,Unassigned,0.00115333621325289,ASV_40
ASV_400,Bacteria,Actinobacteria,Actinobacteria,Actinomycetales,Nocardioidaceae,Nocardioides,Unassigned,0.000337722030590174,ASV_400
ASV_401,Bacteria,Proteobacteria,Gammaproteobacteria,Xanthomonadales,Sinobacteraceae,Steroidobacter,Steroidobacter_denitrificans,0.00029835469896397,ASV_401
ASV_402,Bacteria,Proteobacteria,Alphaproteobacteria,Rhizobiales,Hyphomicrobiaceae,Devosia,Unassigned,0.000511725884711683,ASV_402
ASV_404,Bacteria,Actinobacteria,Actinobacteria,Unassigned,Unassigned,Unassigned,Unassigned,0.000270996771609185,ASV_404
ASV_405,Bacteria,Proteobacteria,Betaproteobacteria,Burkholderiales,Comamonadaceae,Unassigned,Unassigned,0.000550488923723651,ASV_405
ASV_406,Bacteria,Proteobacteria,Betaproteobacteria,Burkholderiales,Comamonadaceae,Unassigned,Unassigned,0.000286007116258295,ASV_406
ASV_407,Bacteria,Actinobacteria,Actinobacteria,Actinomycetales,Mycobacteriaceae,Mycobacterium,Unassigned,0.000349732397964746,ASV_407
ASV_408,Bacteria,Bacteroidetes,Flavobacteriia,Flavobacteriales,Flavobacteriaceae,Flavobacterium,Flavobacterium_urocaniciphilum,0.000550646231152526,ASV_408
ASV_409,Bacteria,Proteobacteria,Alphaproteobacteria,Sphingomonadales,Sphingomonadaceae,Sphingomonas,Sphingomonas_daechungensis,0.000425544749810353,ASV_409
ASV_41,Bacteria,Proteobacteria,Betaproteobacteria,Burkholderiales,Oxalobacteraceae,Unassigned,Unassigned,0.00693275121725419,ASV_41
ASV_410,Bacteria,Proteobacteria,Alphaproteobacteria,Rhizobiales,Rhizobiaceae,Rhizobium,Unassigned,0.000457084114173425,ASV_410
ASV_411,Bacteria,Proteobacteria,Gammaproteobacteria,Xanthomonadales,Xanthomonadaceae,Arenimonas,Arenimonas_daejeonensis,0.000329487725833708,ASV_411
ASV_412,Bacteria,Proteobacteria,Alphaproteobacteria,Rhizobiales,Phyllobacteriaceae,Mesorhizobium,Unassigned,0.00037233112565561,ASV_412
ASV_413,Bacteria,Proteobacteria,Alphaproteobacteria,Rhizobiales,Phyllobacteriaceae,Unassigned,Unassigned,0.000293132821967696,ASV_413
ASV_415,Bacteria,Firmicutes,Clostridia,Clostridiales,Clostridiaceae_1,Clostridium_sensu_stricto,Unassigned,0.000691516663697366,ASV_415
ASV_416,Bacteria,Actinobacteria,Actinobacteria,Actinomycetales,Pseudonocardiaceae,Actinophytocola,Unassigned,0.000473559638530713,ASV_416
ASV_417,Bacteria,Proteobacteria,Alphaproteobacteria,Rhizobiales,Unassigned,Unassigned,Unassigned,0.000372135095208956,ASV_417
ASV_418,Bacteria,Proteobacteria,Betaproteobacteria,Burkholderiales,Oxalobacteraceae,Unassigned,Unassigned,0.000380519948165781,ASV_418
ASV_419,Bacteria,Proteobacteria,Gammaproteobacteria,Xanthomonadales,Xanthomonadaceae,Arenimonas,Arenimonas_daejeonensis,0.000368747596245207,ASV_419
ASV_42,Bacteria,Actinobacteria,Actinobacteria,Actinomycetales,Pseudonocardiaceae,Lentzea,Unassigned,0.00477464947209923,ASV_42
ASV_420,Bacteria,Proteobacteria,Betaproteobacteria,Burkholderiales,Burkholderiales_incertae_sedis,Unassigned,Unassigned,0.000346410212156565,ASV_420
ASV_421,Bacteria,Proteobacteria,Betaproteobacteria,Burkholderiales,Comamonadaceae,Unassigned,Unassigned,0.000320621546132846,ASV_421
ASV_422,Bacteria,Proteobacteria,Betaproteobacteria,Burkholderiales,Comamonadaceae,Unassigned,Unassigned,0.000403313190664401,ASV_422
ASV_426,Bacteria,Proteobacteria,Gammaproteobacteria,Xanthomonadales,Xanthomonadaceae,Unassigned,Unassigned,0.000499189816751541,ASV_426
ASV_428,Bacteria,Proteobacteria,Deltaproteobacteria,Unassigned,Unassigned,Unassigned,Unassigned,0.000329962326513944,ASV_428
ASV_43,Bacteria,Firmicutes,Bacilli,Bacillales,Bacillaceae_1,Bacillus,Unassigned,0.00236306709658999,ASV_43
ASV_432,Bacteria,Proteobacteria,Betaproteobacteria,Burkholderiales,Oxalobacteraceae,Unassigned,Unassigned,0.000523245374302986,ASV_432
ASV_433,Bacteria,Proteobacteria,Unassigned,Unassigned,Unassigned,Unassigned,Unassigned,0.000367542519374692,ASV_433
ASV_435,Bacteria,Proteobacteria,Gammaproteobacteria,Xanthomonadales,Sinobacteraceae,Steroidobacter,Steroidobacter_denitrificans,0.000348658455491508,ASV_435
ASV_436,Bacteria,Proteobacteria,Gammaproteobacteria,Xanthomonadales,Xanthomonadaceae,Lysobacter,Unassigned,0.000364350978509891,ASV_436
ASV_437,Bacteria,Actinobacteria,Actinobacteria,Gaiellales,Gaiellaceae,Gaiella,Gaiella_occulta,0.000334839682941036,ASV_437
ASV_438,Bacteria,Proteobacteria,Alphaproteobacteria,Rhizobiales,Hyphomicrobiaceae,Hyphomicrobium,Hyphomicrobium_sulfonivorans,0.000507793173539664,ASV_438
ASV_439,Bacteria,Proteobacteria,Gammaproteobacteria,Xanthomonadales,Sinobacteraceae,Unassigned,Unassigned,0.000327041719220576,ASV_439
ASV_44,Bacteria,Proteobacteria,Betaproteobacteria,Burkholderiales,Comamonadaceae,Kinneretia,Kinneretia_asaccharophila,0.00539498934165763,ASV_44
ASV_440,Bacteria,Actinobacteria,Actinobacteria,Actinomycetales,Nocardioidaceae,Aeromicrobium,Aeromicrobium_marinum,0.000271774628875193,ASV_440
ASV_441,Bacteria,Actinobacteria,Actinobacteria,Actinomycetales,Pseudonocardiaceae,Pseudonocardia,Unassigned,0.000463441883314854,ASV_441
ASV_442,Bacteria,Actinobacteria,Actinobacteria,Actinomycetales,Micromonosporaceae,Unassigned,Unassigned,0.000601190106921593,ASV_442
ASV_444,Bacteria,Unassigned,Unassigned,Unassigned,Unassigned,Unassigned,Unassigned,0.000385198609790318,ASV_444
ASV_445,Bacteria,Proteobacteria,Gammaproteobacteria,Xanthomonadales,Xanthomonadaceae,Pseudoxanthomonas,Unassigned,0.00037753835095693,ASV_445
ASV_446,Bacteria,Proteobacteria,Betaproteobacteria,Burkholderiales,Burkholderiales_incertae_sedis,Aquabacterium,Unassigned,0.000282433042209391,ASV_446
ASV_449,Bacteria,Unassigned,Unassigned,Unassigned,Unassigned,Unassigned,Unassigned,0.000269191379430554,ASV_449
ASV_45,Bacteria,Actinobacteria,Actinobacteria,Actinomycetales,Pseudonocardiaceae,Lentzea,Lentzea_kentuckyensis,0.00438269793295268,ASV_45
ASV_450,Bacteria,Proteobacteria,Gammaproteobacteria,Xanthomonadales,Xanthomonadaceae,Unassigned,Unassigned,0.000353421073053726,ASV_450
ASV_452,Bacteria,Actinobacteria,Actinobacteria,Actinomycetales,Microbacteriaceae,Microbacterium,Microbacterium_aerolatum,0.000370511459290797,ASV_452
ASV_453,Bacteria,Proteobacteria,Gammaproteobacteria,Unassigned,Unassigned,Unassigned,Unassigned,0.000268958476025087,ASV_453
ASV_456,Bacteria,Proteobacteria,Alphaproteobacteria,Rhizobiales,Bradyrhizobiaceae,Bradyrhizobium,Bradyrhizobium_daqingense,0.000268944762246348,ASV_456
ASV_457,Bacteria,Actinobacteria,Actinobacteria,Actinomycetales,Nocardioidaceae,Nocardioides,Nocardioides_jensenii,0.000290762493408317,ASV_457
ASV_458,Bacteria,Firmicutes,Bacilli,Bacillales,Bacillaceae_1,Bacillus,Bacillus_abyssalis,0.000434321035752386,ASV_458
ASV_46,Bacteria,Proteobacteria,Gammaproteobacteria,Xanthomonadales,Sinobacteraceae,Unassigned,Unassigned,0.00314120439787865,ASV_46
ASV_460,Bacteria,Proteobacteria,Alphaproteobacteria,Sphingomonadales,Sphingomonadaceae,Sphingomonas,Unassigned,0.000516348102417428,ASV_460
ASV_461,Bacteria,Proteobacteria,Alphaproteobacteria,Rhizobiales,Unassigned,Unassigned,Unassigned,0.000289205676023849,ASV_461
ASV_462,Bacteria,Proteobacteria,Alphaproteobacteria,Sphingomonadales,Sphingomonadaceae,Sphingomonas,Sphingomonas_daechungensis,0.000340316028091122,ASV_462
ASV_464,Bacteria,Actinobacteria,Actinobacteria,Actinomycetales,Microbacteriaceae,Agromyces,Unassigned,0.000289616731203241,ASV_464
ASV_465,Bacteria,Actinobacteria,Actinobacteria,Actinomycetales,Micromonosporaceae,Couchioplanes,Couchioplanes_caeruleus_subsp._azureus,0.000590918926817464,ASV_465
ASV_466,Bacteria,Actinobacteria,Actinobacteria,Actinomycetales,Mycobacteriaceae,Mycobacterium,Unassigned,0.000353351306983949,ASV_466
ASV_47,Bacteria,Proteobacteria,Betaproteobacteria,Burkholderiales,Comamonadaceae,Unassigned,Unassigned,0.00512495253071686,ASV_47
ASV_474,Bacteria,Proteobacteria,Alphaproteobacteria,Rhizobiales,Hyphomicrobiaceae,Pedomicrobium,Unassigned,0.000341344534660029,ASV_474
ASV_477,Bacteria,Proteobacteria,Alphaproteobacteria,Rhizobiales,Rhizobiaceae,Unassigned,Unassigned,0.000410106693812552,ASV_477
ASV_478,Bacteria,Proteobacteria,Alphaproteobacteria,Rhizobiales,Rhizobiaceae,Rhizobium,Rhizobium_laguerreae,0.000370661795788786,ASV_478
ASV_48,Bacteria,Proteobacteria,Alphaproteobacteria,Rhizobiales,Rhizobiaceae,Ensifer,Unassigned,0.00350707421642755,ASV_48
ASV_481,Bacteria,Actinobacteria,Actinobacteria,Actinomycetales,Micromonosporaceae,Unassigned,Unassigned,0.000305339580909255,ASV_481
ASV_482,Bacteria,Proteobacteria,Unassigned,Unassigned,Unassigned,Unassigned,Unassigned,0.000265193960122059,ASV_482
ASV_486,Bacteria,Proteobacteria,Alphaproteobacteria,Rhizobiales,Unassigned,Unassigned,Unassigned,0.000284585848612745,ASV_486
ASV_49,Bacteria,Actinobacteria,Actinobacteria,Actinomycetales,Pseudonocardiaceae,Lentzea,Lentzea_albida,0.00299865859715468,ASV_49
ASV_490,Bacteria,Actinobacteria,Actinobacteria,Actinomycetales,Micromonosporaceae,Unassigned,Unassigned,0.000357681453001325,ASV_490
ASV_493,Bacteria,Proteobacteria,Unassigned,Unassigned,Unassigned,Unassigned,Unassigned,0.000364218924898152,ASV_493
ASV_494,Bacteria,Actinobacteria,Actinobacteria,Actinomycetales,Unassigned,Unassigned,Unassigned,0.000282895423998507,ASV_494
ASV_495,Bacteria,Actinobacteria,Actinobacteria,Actinomycetales,Nocardioidaceae,Aeromicrobium,Unassigned,0.000344886303313227,ASV_495
ASV_498,Bacteria,Proteobacteria,Alphaproteobacteria,Rhizobiales,Unassigned,Unassigned,Unassigned,0.000380486654706932,ASV_498
ASV_50,Bacteria,Proteobacteria,Betaproteobacteria,Burkholderiales,Oxalobacteraceae,Pseudoduganella,Pseudoduganella_violaceinigra,0.00546180673669679,ASV_50
ASV_500,Bacteria,Proteobacteria,Alphaproteobacteria,Caulobacterales,Caulobacteraceae,Phenylobacterium,Unassigned,0.000297857561019896,ASV_500
ASV_506,Bacteria,Proteobacteria,Betaproteobacteria,Burkholderiales,Comamonadaceae,Variovorax,Variovorax_soli,0.000279022616384977,ASV_506
ASV_507,Bacteria,Actinobacteria,Actinobacteria,Acidimicrobiales,Acidimicrobiaceae,Ilumatobacter,Unassigned,0.000357403274451464,ASV_507
ASV_508,Bacteria,Proteobacteria,Gammaproteobacteria,Xanthomonadales,Xanthomonadaceae,Unassigned,Unassigned,0.000272280405687096,ASV_508
ASV_51,Bacteria,Bacteroidetes,Flavobacteriia,Flavobacteriales,Flavobacteriaceae,Flavobacterium,Unassigned,0.00468872446411478,ASV_51
ASV_511,Bacteria,Proteobacteria,Alphaproteobacteria,Rhizobiales,Hyphomicrobiaceae,Devosia,Unassigned,0.000462200714252309,ASV_511
ASV_512,Bacteria,Proteobacteria,Alphaproteobacteria,Rhizobiales,Beijerinckiaceae,Unassigned,Unassigned,0.000349453134137973,ASV_512
ASV_515,Bacteria,Actinobacteria,Actinobacteria,Acidimicrobiales,Acidimicrobiaceae,Ilumatobacter,Ilumatobacter_fluminis,0.000267673138444545,ASV_515
ASV_517,Bacteria,Actinobacteria,Actinobacteria,Actinomycetales,Pseudonocardiaceae,Unassigned,Unassigned,0.00053821552334479,ASV_517
ASV_52,Bacteria,Actinobacteria,Actinobacteria,Actinomycetales,Micromonosporaceae,Unassigned,Unassigned,0.00371457561367108,ASV_52
ASV_520,Bacteria,Actinobacteria,Actinobacteria,Solirubrobacterales,Unassigned,Unassigned,Unassigned,0.000282514667326631,ASV_520
ASV_527,Bacteria,Proteobacteria,Betaproteobacteria,Burkholderiales,Burkholderiaceae,Unassigned,Unassigned,0.000265474174644371,ASV_527
ASV_53,Bacteria,Actinobacteria,Actinobacteria,Actinomycetales,Microbacteriaceae,Agromyces,Unassigned,0.00320052445378272,ASV_53
ASV_531,Bacteria,Proteobacteria,Gammaproteobacteria,Pseudomonadales,Pseudomonadaceae,Pseudomonas,Unassigned,0.000465519213418285,ASV_531
ASV_535,Bacteria,Proteobacteria,Alphaproteobacteria,Rhizobiales,Unassigned,Unassigned,Unassigned,0.000312902721059323,ASV_535
ASV_538,Bacteria,Proteobacteria,Betaproteobacteria,Burkholderiales,Comamonadaceae,Acidovorax,Acidovorax_soli,0.000296273254438584,ASV_538
ASV_539,Bacteria,Actinobacteria,Actinobacteria,Actinomycetales,Micromonosporaceae,Unassigned,Unassigned,0.000393053255821306,ASV_539
ASV_54,Bacteria,Proteobacteria,Unassigned,Unassigned,Unassigned,Unassigned,Unassigned,0.00419930131914583,ASV_54
ASV_542,Bacteria,Actinobacteria,Actinobacteria,Actinomycetales,Microbacteriaceae,Agromyces,Unassigned,0.000290693727719724,ASV_542
ASV_545,Bacteria,Proteobacteria,Alphaproteobacteria,Sphingomonadales,Sphingomonadaceae,Sphingomonas,Unassigned,0.00033672315317494,ASV_545
ASV_546,Bacteria,Proteobacteria,Alphaproteobacteria,Unassigned,Unassigned,Unassigned,Unassigned,0.000269272912678064,ASV_546
ASV_549,Bacteria,Proteobacteria,Alphaproteobacteria,Rhizobiales,Hyphomicrobiaceae,Pedomicrobium,Unassigned,0.00026653767598786,ASV_549
ASV_55,Bacteria,Proteobacteria,Betaproteobacteria,Burkholderiales,Burkholderiales_incertae_sedis,Piscinibacter,Piscinibacter_aquaticus,0.00203678790071045,ASV_55
ASV_550,Bacteria,Actinobacteria,Actinobacteria,Actinomycetales,Micromonosporaceae,Unassigned,Unassigned,0.000276159119529174,ASV_550
ASV_555,Bacteria,Proteobacteria,Deltaproteobacteria,Myxococcales,Polyangiaceae,Unassigned,Unassigned,0.000349987863207147,ASV_555
ASV_556,Bacteria,Actinobacteria,Actinobacteria,Solirubrobacterales,Conexibacteraceae,Conexibacter,Conexibacter_arvalis,0.000452342900472077,ASV_556
ASV_557,Bacteria,Proteobacteria,Deltaproteobacteria,Myxococcales,Polyangiaceae,Unassigned,Unassigned,0.000271908526618587,ASV_557
ASV_56,Bacteria,Proteobacteria,Alphaproteobacteria,Rhizobiales,Hyphomicrobiaceae,Devosia,Unassigned,0.00407293237070476,ASV_56
ASV_560,Bacteria,Proteobacteria,Alphaproteobacteria,Sphingomonadales,Sphingomonadaceae,Sphingomonas,Sphingomonas_daechungensis,0.000377907253346988,ASV_560
ASV_57,Bacteria,Proteobacteria,Betaproteobacteria,Burkholderiales,Oxalobacteraceae,Unassigned,Unassigned,0.00305651381933965,ASV_57
ASV_573,Bacteria,Proteobacteria,Alphaproteobacteria,Rhizobiales,Hyphomicrobiaceae,Devosia,Unassigned,0.000333929085636715,ASV_573
ASV_578,Bacteria,Proteobacteria,Alphaproteobacteria,Sphingomonadales,Erythrobacteraceae,Unassigned,Unassigned,0.000351038176411001,ASV_578
ASV_587,Bacteria,Bacteroidetes,Sphingobacteriia,Sphingobacteriales,Sphingobacteriaceae,Unassigned,Unassigned,0.000303404468276685,ASV_587
ASV_59,Bacteria,Actinobacteria,Actinobacteria,Actinomycetales,Nocardioidaceae,Nocardioides,Unassigned,0.00331481804766447,ASV_59
ASV_592,Bacteria,Proteobacteria,Alphaproteobacteria,Rhizobiales,Bradyrhizobiaceae,Bosea,Unassigned,0.000311312149452677,ASV_592
ASV_593,Bacteria,Proteobacteria,Betaproteobacteria,Burkholderiales,Unassigned,Unassigned,Unassigned,0.000395749415956145,ASV_593
ASV_597,Bacteria,Proteobacteria,Alphaproteobacteria,Rhizobiales,Unassigned,Unassigned,Unassigned,0.000279390541640379,ASV_597
ASV_6,Bacteria,Proteobacteria,Betaproteobacteria,Burkholderiales,Unassigned,Unassigned,Unassigned,0.0258151406481861,ASV_6
ASV_60,Bacteria,Proteobacteria,Betaproteobacteria,Burkholderiales,Unassigned,Unassigned,Unassigned,0.00380321319466454,ASV_60
ASV_602,Bacteria,Firmicutes,Bacilli,Bacillales,Paenibacillaceae_1,Paenibacillus,Unassigned,0.000311928412685479,ASV_602
ASV_607,Bacteria,Actinobacteria,Actinobacteria,Actinomycetales,Nocardioidaceae,Nocardioides,Unassigned,0.000267635537931599,ASV_607
ASV_61,Bacteria,Proteobacteria,Betaproteobacteria,Burkholderiales,Oxalobacteraceae,Noviherbaspirillum,Noviherbaspirillum_suwonense,0.00251234813677199,ASV_61
ASV_611,Bacteria,Proteobacteria,Alphaproteobacteria,Rhizobiales,Hyphomicrobiaceae,Devosia,Unassigned,0.000272558826700033,ASV_611
ASV_62,Bacteria,Proteobacteria,Alphaproteobacteria,Rhizobiales,Rhizobiaceae,Ensifer,Ensifer_americanus,0.00383926385384802,ASV_62
ASV_622,Bacteria,Actinobacteria,Actinobacteria,Actinomycetales,Nocardioidaceae,Marmoricola,Unassigned,0.000281953319630301,ASV_622
ASV_627,Bacteria,Actinobacteria,Actinobacteria,Actinomycetales,Micromonosporaceae,Unassigned,Unassigned,0.000299890619943364,ASV_627
ASV_63,Bacteria,Proteobacteria,Alphaproteobacteria,Caulobacterales,Caulobacteraceae,Phenylobacterium,Phenylobacterium_composti,0.00365159643207358,ASV_63
ASV_633,Bacteria,Bacteroidetes,Cytophagia,Cytophagales,Unassigned,Ohtaekwangia,Ohtaekwangia_kribbensis,0.000386055263182762,ASV_633
ASV_634,Bacteria,Actinobacteria,Actinobacteria,Actinomycetales,Micromonosporaceae,Actinoplanes,Unassigned,0.000317617226407586,ASV_634
ASV_64,Bacteria,Proteobacteria,Deltaproteobacteria,Unassigned,Unassigned,Unassigned,Unassigned,0.00316192026039642,ASV_64
ASV_644,Bacteria,Proteobacteria,Alphaproteobacteria,Rhizobiales,Rhizobiaceae,Rhizobium,Rhizobium_vignae,0.000341704639186871,ASV_644
ASV_645,Bacteria,Proteobacteria,Alphaproteobacteria,Rhizobiales,Phyllobacteriaceae,Mesorhizobium,Unassigned,0.000303143801467825,ASV_645
ASV_649,Bacteria,Actinobacteria,Actinobacteria,Actinomycetales,Micromonosporaceae,Unassigned,Unassigned,0.000509186756009687,ASV_649
ASV_65,Bacteria,Proteobacteria,Alphaproteobacteria,Rhizobiales,Bradyrhizobiaceae,Unassigned,Unassigned,0.00245043829727382,ASV_65
ASV_652,Bacteria,Proteobacteria,Betaproteobacteria,Burkholderiales,Oxalobacteraceae,Unassigned,Unassigned,0.000392488030999836,ASV_652
ASV_654,Bacteria,Firmicutes,Bacilli,Bacillales,Paenibacillaceae_1,Paenibacillus,Paenibacillus_panacisoli,0.000289309933099893,ASV_654
ASV_66,Bacteria,Proteobacteria,Alphaproteobacteria,Rhodospirillales,Rhodospirillaceae,Dongia,Dongia_mobilis,0.00164936171306307,ASV_66
ASV_661,Bacteria,Proteobacteria,Gammaproteobacteria,Pseudomonadales,Pseudomonadaceae,Pseudomonas,Unassigned,0.000433396752585126,ASV_661
ASV_662,Bacteria,Firmicutes,Bacilli,Bacillales,Paenibacillaceae_1,Paenibacillus,Unassigned,0.000480295260644812,ASV_662
ASV_665,Bacteria,Proteobacteria,Alphaproteobacteria,Sphingomonadales,Sphingomonadaceae,Sphingomonas,Unassigned,0.000274441891758889,ASV_665
ASV_67,Bacteria,Proteobacteria,Gammaproteobacteria,Pseudomonadales,Pseudomonadaceae,Pseudomonas,Pseudomonas_chlororaphis_subsp._piscium,0.00102007920363113,ASV_67
ASV_68,Bacteria,Proteobacteria,Alphaproteobacteria,Rhizobiales,Unassigned,Unassigned,Unassigned,0.00229411276284453,ASV_68
ASV_681,Bacteria,Proteobacteria,Alphaproteobacteria,Sphingomonadales,Sphingomonadaceae,Sphingomonas,Unassigned,0.000360952779739795,ASV_681
ASV_682,Bacteria,Actinobacteria,Actinobacteria,Actinomycetales,Nocardioidaceae,Aeromicrobium,Unassigned,0.000291785977297102,ASV_682
ASV_684,Bacteria,Proteobacteria,Alphaproteobacteria,Rhizobiales,Unassigned,Unassigned,Unassigned,0.000261669146951184,ASV_684
ASV_69,Bacteria,Actinobacteria,Actinobacteria,Actinomycetales,Pseudonocardiaceae,Kibdelosporangium,Kibdelosporangium_phytohabitans,0.00554636874120249,ASV_69
ASV_698,Bacteria,Actinobacteria,Actinobacteria,Actinomycetales,Mycobacteriaceae,Mycobacterium,Mycobacterium_canariasense,0.000263100280766052,ASV_698
ASV_7,Bacteria,Bacteroidetes,Flavobacteriia,Flavobacteriales,Flavobacteriaceae,Flavobacterium,Unassigned,0.0154357291969848,ASV_7
ASV_70,Bacteria,Proteobacteria,Gammaproteobacteria,Xanthomonadales,Xanthomonadaceae,Pseudoxanthomonas,Pseudoxanthomonas_gei,0.00330920086645989,ASV_70
ASV_705,Bacteria,Actinobacteria,Actinobacteria,Actinomycetales,Micromonosporaceae,Unassigned,Unassigned,0.000416857574521885,ASV_705
ASV_71,Bacteria,Proteobacteria,Alphaproteobacteria,Sphingomonadales,Sphingomonadaceae,Sphingopyxis,Sphingopyxis_soli,0.00295668532407325,ASV_71
ASV_72,Bacteria,Proteobacteria,Betaproteobacteria,Burkholderiales,Comamonadaceae,Variovorax,Unassigned,0.00180367689049096,ASV_72
ASV_721,Bacteria,Proteobacteria,Betaproteobacteria,Burkholderiales,Comamonadaceae,Ramlibacter,Unassigned,0.000275586210475456,ASV_721
ASV_73,Bacteria,Proteobacteria,Betaproteobacteria,Burkholderiales,Oxalobacteraceae,Unassigned,Unassigned,0.0039679823068336,ASV_73
ASV_730,Bacteria,Firmicutes,Bacilli,Bacillales,Thermoactinomycetaceae_2,Planifilum,Unassigned,0.000286389412131863,ASV_730
ASV_731,Bacteria,Proteobacteria,Alphaproteobacteria,Rhizobiales,Unassigned,Unassigned,Unassigned,0.000297622357118534,ASV_731
ASV_74,Bacteria,Proteobacteria,Alphaproteobacteria,Rhizobiales,Bradyrhizobiaceae,Bradyrhizobium,Bradyrhizobium_neotropicale,0.00237915714483937,ASV_74
ASV_742,Bacteria,Actinobacteria,Actinobacteria,Actinomycetales,Nocardioidaceae,Nocardioides,Unassigned,0.000984556652745284,ASV_742
ASV_744,Bacteria,Firmicutes,Bacilli,Bacillales,Paenibacillaceae_1,Paenibacillus,Unassigned,0.000350283516606874,ASV_744
ASV_75,Bacteria,Proteobacteria,Betaproteobacteria,Burkholderiales,Comamonadaceae,Variovorax,Unassigned,0.00172356645241509,ASV_75
ASV_76,Bacteria,Proteobacteria,Gammaproteobacteria,Xanthomonadales,Xanthomonadaceae,Lysobacter,Unassigned,0.00181156509209224,ASV_76
ASV_767,Bacteria,Firmicutes,Bacilli,Bacillales,Bacillaceae_1,Bacillus,Unassigned,0.000301229664234146,ASV_767
ASV_77,Bacteria,Proteobacteria,Gammaproteobacteria,Xanthomonadales,Sinobacteraceae,Steroidobacter,Steroidobacter_denitrificans,0.00182065879675127,ASV_77
ASV_78,Bacteria,Chloroflexi,Chloroflexia,Herpetosiphonales,Herpetosiphonaceae,Herpetosiphon,Unassigned,0.00194391069350291,ASV_78
ASV_79,Bacteria,Proteobacteria,Betaproteobacteria,Burkholderiales,Unassigned,Unassigned,Unassigned,0.00320710042336473,ASV_79
ASV_8,Bacteria,Actinobacteria,Actinobacteria,Actinomycetales,Streptomycetaceae,Streptomyces,Unassigned,0.0116165304924124,ASV_8
ASV_80,Bacteria,Proteobacteria,Gammaproteobacteria,Xanthomonadales,Xanthomonadaceae,Pseudoxanthomonas,Pseudoxanthomonas_wuyuanensis,0.00174029034769492,ASV_80
ASV_81,Bacteria,Proteobacteria,Deltaproteobacteria,Unassigned,Unassigned,Unassigned,Unassigned,0.00199039598597417,ASV_81
ASV_820,Bacteria,Proteobacteria,Gammaproteobacteria,Xanthomonadales,Xanthomonadaceae,Unassigned,Unassigned,0.000281907190105245,ASV_820
ASV_822,Bacteria,Actinobacteria,Actinobacteria,Actinomycetales,Nocardioidaceae,Nocardioides,Nocardioides_ginsengagri,0.000292250902293593,ASV_822
ASV_83,Bacteria,Proteobacteria,Betaproteobacteria,Burkholderiales,Oxalobacteraceae,Unassigned,Unassigned,0.0025217427544772,ASV_83
ASV_84,Bacteria,Proteobacteria,Deltaproteobacteria,Unassigned,Unassigned,Unassigned,Unassigned,0.00247866691060653,ASV_84
ASV_842,Bacteria,Unassigned,Unassigned,Unassigned,Unassigned,Unassigned,Unassigned,0.000269724445216278,ASV_842
ASV_85,Bacteria,Proteobacteria,Betaproteobacteria,Burkholderiales,Oxalobacteraceae,Unassigned,Unassigned,0.00265156736272895,ASV_85
ASV_86,Bacteria,Actinobacteria,Actinobacteria,Actinomycetales,Micromonosporaceae,Couchioplanes,Unassigned,0.0012701450600315,ASV_86
ASV_87,Bacteria,Actinobacteria,Actinobacteria,Actinomycetales,Nocardioidaceae,Nocardioides,Unassigned,0.00223974060227665,ASV_87
ASV_88,Bacteria,Unassigned,Unassigned,Unassigned,Unassigned,Unassigned,Unassigned,0.00336409724150754,ASV_88
ASV_89,Bacteria,Proteobacteria,Gammaproteobacteria,Xanthomonadales,Sinobacteraceae,Steroidobacter,Steroidobacter_agariperforans,0.00128540822804169,ASV_89
ASV_9,Bacteria,Actinobacteria,Actinobacteria,Actinomycetales,Micromonosporaceae,Actinoplanes,Unassigned,0.0125173357780316,ASV_9
ASV_90,Bacteria,Proteobacteria,Gammaproteobacteria,Pseudomonadales,Pseudomonadaceae,Pseudomonas,Unassigned,0.00144500334872879,ASV_90
ASV_91,Bacteria,Proteobacteria,Unassigned,Unassigned,Unassigned,Unassigned,Unassigned,0.00226846949721335,ASV_91
ASV_913,Bacteria,Actinobacteria,Actinobacteria,Actinomycetales,Pseudonocardiaceae,Pseudonocardia,Pseudonocardia_xinjiangensis,0.000384027592955751,ASV_913
ASV_92,Bacteria,Actinobacteria,Actinobacteria,Actinomycetales,Pseudonocardiaceae,Actinophytocola,Unassigned,0.00169753080896991,ASV_92
ASV_93,Bacteria,Proteobacteria,Gammaproteobacteria,Xanthomonadales,Xanthomonadaceae,Lysobacter,Lysobacter_brunescens,0.00112228323360735,ASV_93
ASV_94,Bacteria,Proteobacteria,Betaproteobacteria,Burkholderiales,Burkholderiales_incertae_sedis,Aquabacterium,Unassigned,0.00222665061967601,ASV_94
ASV_945,Bacteria,Proteobacteria,Betaproteobacteria,Burkholderiales,Oxalobacteraceae,Unassigned,Unassigned,0.000339680991981578,ASV_945
ASV_95,Bacteria,Actinobacteria,Actinobacteria,Actinomycetales,Unassigned,Unassigned,Unassigned,0.00156316103041164,ASV_95
ASV_96,Bacteria,Proteobacteria,Alphaproteobacteria,Rhizobiales,Hyphomicrobiaceae,Devosia,Devosia_insulae,0.00245730399898116,ASV_96
ASV_97,Bacteria,Proteobacteria,Betaproteobacteria,Burkholderiales,Comamonadaceae,Pelomonas,Pelomonas_puraquae,0.0020716488262139,ASV_97
ASV_98,Bacteria,Proteobacteria,Betaproteobacteria,Burkholderiales,Oxalobacteraceae,Unassigned,Unassigned,0.0020912639773144,ASV_98
ASV_99,Bacteria,Proteobacteria,Betaproteobacteria,Burkholderiales,Oxalobacteraceae,Pseudoduganella,Pseudoduganella_violaceinigra,0.00143062107589496,ASV_99
ASV_996,Bacteria,Proteobacteria,Alphaproteobacteria,Rhizobiales,Unassigned,Unassigned,Unassigned,0.000312904059897583,ASV_996
